ID,Reference,pubmedID,title,year,Author(s),AccessionNumber,name,Country,Isolate,Explanation,Ethnicity,Language,Language family,haplo,haplogroup1,haplogroup2,haplogroup3,Polymorphism
9,24121720 Analysis of mitochondrial genome diversity identifies new and Zhang et al  (2013</PubDate>),24121720,Analysis of mitochondrial genome diversity identifies new and,2013,Zhang et al,KC505116,Cambodia.Brao02_N7.KC505116.N7a2,Cambodia,Brao02_N7,Brao,Bru (Brao),"Eastern Bru, Western Bru, Vietnamese, Thai, Khmer, Lao","Austroasiatic, Tai-Kadai",N7a2,N,N7,N7a,73G 75T 152C 263G 279C 309.1C 508G 723G 750G 1438G 2706G 3107d 3396C 4769G 5261A 5390G 6570T 6710G 7028T 8860G 9254G 9438A 10370C 11617C 11719A 12705T 13542G 14668T 14766T 15326G 15945T 16051G 16063C 16129A 16173T 16223T 16355T 16519C
13,24121720 Analysis of mitochondrial genome diversity identifies new and Zhang et al  (2013</PubDate>),24121720,Analysis of mitochondrial genome diversity identifies new and,2013,Zhang et al,KC887472,Cambodia.Brao25_N7.KC887472.N7a2,Cambodia,Brao25_N7,Brao,Bru (Brao),"Eastern Bru, Western Bru, Vietnamese, Thai, Khmer, Lao","Austroasiatic, Tai-Kadai",N7a2,N,N7,N7a,73G 75T 152C 263G 279C 309.1C 316C 508G 723G 750G 1438G 2706G 3107d 3396C 4769G 5261A 5390G 6570T 6710G 7028T 8860G 9254G 9438A 10370C 11617C 11719A 12705T 13542G 14668T 14766T 15326G 15945T 16051G 16063C 16129A 16173T 16223T 16355T 16519C
47,34031453 An in-depth analysis of the mitochondrial phylogenetic landscape of Cambodia Kloss-Brandstaetter et al  (2021),34031453,An in-depth analysis of the mitochondrial phylogenetic landscape of Cambodia,2021,Kloss-Brandstaetter et al,KT587379,Cambodia.C030_Seim_Riep_N9a10.KT587379.N9a10+16311,Cambodia,C030_Seim_Riep_N9a10,Seim Riep,"Khmer, Cham, Chinese-Cambodian, Vietnamese","Khmer, Cham, Chinese-Cambodian, Vietnamese","Austroasiatic, Austronesian, Sino-Tibetan",N9a10+16311,N,N9,N9a,73G 150T 263G 309.1C 315.1C 523d 524d 750G 1438G 2706G 3107d 4386C 4769G 5231A 5417A 7028T 8860G 11719A 12358G 12372A 12705T 12771A 14766T 15094T 15326G 16114T 16223T 16250T 16257A 16261T 16311C
95,34031453 An in-depth analysis of the mitochondrial phylogenetic landscape of Cambodia Kloss-Brandstaetter et al  (2021),34031453,An in-depth analysis of the mitochondrial phylogenetic landscape of Cambodia,2021,Kloss-Brandstaetter et al,KT587427,Cambodia.C078_Kampong_Thom_N.KT587427.N,Cambodia,C078_Kampong_Thom_N,Kampong Thom,"Khmer, Cham, Chinese-Cambodian, Vietnamese","Khmer, Cham, Chinese-Cambodian, Vietnamese","Austroasiatic, Austronesian, Sino-Tibetan",N,N,N,N,73G 263G 315.1C 723G 750G 1438G 2706G 3107d 4320T 4769G 7028T 7145T 7740G 8537G 8860G 10166C 11719A 12705T 13153G 13759A 14128G 14287C 14766T 15326G 16093C 16223T 16301A 16311C
120,34031453 An in-depth analysis of the mitochondrial phylogenetic landscape of Cambodia Kloss-Brandstaetter et al  (2021),34031453,An in-depth analysis of the mitochondrial phylogenetic landscape of Cambodia,2021,Kloss-Brandstaetter et al,KT587452,Cambodia.C103_Banteay_Meanchey_N9a6.KT587452.N9a6,Cambodia,C103_Banteay_Meanchey_N9a6,Banteay Meanchey,"Khmer, Cham, Chinese-Cambodian, Vietnamese","Khmer, Cham, Chinese-Cambodian, Vietnamese","Austroasiatic, Austronesian, Sino-Tibetan",N9a6,N,N9,N9a,73G 150T 263G 309.1C 315.1C 750G 1438G 2706G 3107d 4769G 4856C 5231A 5417A 7028T 8860G 11719A 12358G 12372A 12705T 13812G 14766T 15326G 16223T 16257A 16261T 16292T 16519C
195,34031453 An in-depth analysis of the mitochondrial phylogenetic landscape of Cambodia Kloss-Brandstaetter et al  (2021),34031453,An in-depth analysis of the mitochondrial phylogenetic landscape of Cambodia,2021,Kloss-Brandstaetter et al,KT587527,Cambodia.C178_Kampong_Thom_N22.KT587527.N22,Cambodia,C178_Kampong_Thom_N22,Kampong Thom,"Khmer, Cham, Chinese-Cambodian, Vietnamese","Khmer, Cham, Chinese-Cambodian, Vietnamese","Austroasiatic, Austronesian, Sino-Tibetan",N22,N,N22,N22,73G 152C 177C 263G 315.1C 709A 750G 942G 1438G 2706G 3107d 4550C 4769G 6722A 7028T 7158G 8860G 8978C 9254G 10750G 11365C 11383C 11719A 12705T 13980A 14176G 14766T 15326G 16168T 16223T 16249C 16519C
203,34031453 An in-depth analysis of the mitochondrial phylogenetic landscape of Cambodia Kloss-Brandstaetter et al  (2021),34031453,An in-depth analysis of the mitochondrial phylogenetic landscape of Cambodia,2021,Kloss-Brandstaetter et al,KT587535,Cambodia.C186_Kampong_Thom_N9a10.KT587535.N9a10+16311,Cambodia,C186_Kampong_Thom_N9a10,Kampong Thom,"Khmer, Cham, Chinese-Cambodian, Vietnamese","Khmer, Cham, Chinese-Cambodian, Vietnamese","Austroasiatic, Austronesian, Sino-Tibetan",N9a10+16311,N,N9,N9a,73G 150T 263G 315.1C 750G 1438G 2706G 3107d 4769G 5231A 5417A 7028T 8860G 9055A 9740T 11719A 12358G 12372A 12705T 12771A 14766T 15287C 15326G 15497A 16223T 16257A 16261T 16311C
217,34031453 An in-depth analysis of the mitochondrial phylogenetic landscape of Cambodia Kloss-Brandstaetter et al  (2021),34031453,An in-depth analysis of the mitochondrial phylogenetic landscape of Cambodia,2021,Kloss-Brandstaetter et al,KT587549,Cambodia.C200_Kampong_Thom_N9a6.KT587549.N9a6,Cambodia,C200_Kampong_Thom_N9a6,Kampong Thom,"Khmer, Cham, Chinese-Cambodian, Vietnamese","Khmer, Cham, Chinese-Cambodian, Vietnamese","Austroasiatic, Austronesian, Sino-Tibetan",N9a6,N,N9,N9a,73G 150T 263G 315.1C 750G 1438G 2706G 3107d 4769G 4856C 5231A 5417A 7028T 8860G 11719A 12358G 12372A 12705T 14766T 14821T 15080G 15326G 15836G 16223T 16257A 16261T 16292T 16519C
S,34031453 An in-depth analysis of the mitochondrial phylogenetic landscape of Cambodia Kloss-Brandstaetter et al  (2021),34031453,An in-depth analysis of the mitochondrial phylogenetic landscape of Cambodia,2021,Kloss-Brandstaetter et al,KT587567,Cambodia.C218_Kampong_Thom_N21.KT587567.N21+195,Cambodia,C218_Kampong_Thom_N21,Kampong Thom,"Khmer, Cham, Chinese-Cambodian, Vietnamese","Khmer, Cham, Chinese-Cambodian, Vietnamese","Austroasiatic, Austronesian, Sino-Tibetan",N21+195,N,N21,N21,73G 150T 152C 195C 263G 315.1C 337d 750G 1438G 2352C 2706G 3107d 4769G 6752G 7028T 8701G 8860G 9821G 10583G 11719A 12705T 13437C 13830C 14560A 14766T 15326G 16193T 16223T 16399G 16519C
270,34031453 An in-depth analysis of the mitochondrial phylogenetic landscape of Cambodia Kloss-Brandstaetter et al  (2021),34031453,An in-depth analysis of the mitochondrial phylogenetic landscape of Cambodia,2021,Kloss-Brandstaetter et al,KT587602,Cambodia.C254_Kampong_Cham_N7b.KT587602.N7b,Cambodia,C254_Kampong_Cham_N7b,Kampong Cham,"Khmer, Cham, Chinese-Cambodian, Vietnamese","Khmer, Cham, Chinese-Cambodian, Vietnamese","Austroasiatic, Austronesian, Sino-Tibetan",N7b,N,N7,N7b,73G 152C 263G 309.1C 315.1C 523d 524d 723G 750G 1438G 1664A 1888A 2706G 3107d 4769G 6570T 7028T 8483G 8860G 11617C 11719A 12705T 12906T 13542G 14256C 14485T 14668T 14766T 15326G 15945T 16129A 16223T 16362C
278,34031453 An in-depth analysis of the mitochondrial phylogenetic landscape of Cambodia Kloss-Brandstaetter et al  (2021),34031453,An in-depth analysis of the mitochondrial phylogenetic landscape of Cambodia,2021,Kloss-Brandstaetter et al,KT587610,Cambodia.C262_Banteay_Meanchey_N8.KT587610.N8*,Cambodia,C262_Banteay_Meanchey_N8,Banteay Meanchey,"Khmer, Cham, Chinese-Cambodian, Vietnamese","Khmer, Cham, Chinese-Cambodian, Vietnamese","Austroasiatic, Austronesian, Sino-Tibetan",N8*,N,N8,N8*,73G 152C 263G 315.1C 750G 1438G 2706G 2760G 3027C 3107d 3565G 4769G 7028T 7885C 7961C 8188G 8860G 10398G 11719A 12705T 13710G 14097T 14766T 15211T 15326G 15924G 16124C 16223T 16263C 16274A 16311C 16343G 16357C 16519C
284,34031453 An in-depth analysis of the mitochondrial phylogenetic landscape of Cambodia Kloss-Brandstaetter et al  (2021),34031453,An in-depth analysis of the mitochondrial phylogenetic landscape of Cambodia,2021,Kloss-Brandstaetter et al,KT587616,Cambodia.C268_Banteay_Meanchey_N.KT587616.N,Cambodia,C268_Banteay_Meanchey_N,Banteay Meanchey,"Khmer, Cham, Chinese-Cambodian, Vietnamese","Khmer, Cham, Chinese-Cambodian, Vietnamese","Austroasiatic, Austronesian, Sino-Tibetan",N,N,N,N,73G 195C 263G 315.1C 750G 961.1C 1391C 1438G 2706G 3107d 4769G 5894.1CACCCCC 6752G 7028T 8860G 9629G 10143A 10586A 10999T 11167G 11465C 11719A 12373G 12705T 12876T 13105G 13629G 13651G 14766T 15110A 15218G 15326G 16129A 16193T 16223T 16355T 16519C
318,24121720 Analysis of mitochondrial genome diversity identifies new and Zhang et al  (2013</PubDate>),24121720,Analysis of mitochondrial genome diversity identifies new and,2013,Zhang et al,KC505117,Cambodia.Jarai05_N7.KC505117.N7b,Cambodia,Jarai05_N7,Jarai,Jarai,"Jarai, Vietnamese","Austronesian, Austroasiatic",N7b,N,N7,N7b,73G 263G 309.1C 315.1C 523d 524d 723G 750G 1438G 1503A 1888A 2706G 3107d 3391A 4769G 5135T 6570T 7028T 8483G 8860G 11617C 11719A 12705T 12906T 13542G 14485T 14668T 14766T 15326G 15945T 16129A 16223T
321,24121720 Analysis of mitochondrial genome diversity identifies new and Zhang et al  (2013</PubDate>),24121720,Analysis of mitochondrial genome diversity identifies new and,2013,Zhang et al,KC887456,Cambodia.Jarai25_N7.KC887456.N7b,Cambodia,Jarai25_N7,Jarai,Jarai,"Jarai, Vietnamese","Austronesian, Austroasiatic",N7b,N,N7,N7b,73G 263G 309.1C 315.1C 523d 524d 723G 750G 1438G 1503A 1888A 2706G 3107d 3391A 4769G 5135T 6570T 7028T 8483G 8860G 11617C 11719A 12705T 12906T 13542G 14485T 14668T 14766T 15326G 15945T 16129A 16223T
334,24121720 Analysis of mitochondrial genome diversity identifies new and Zhang et al  (2013</PubDate>),24121720,Analysis of mitochondrial genome diversity identifies new and,2013,Zhang et al,KC505120,Cambodia.Khmer42_N9a6a.KC505120.N9a6*,Cambodia,Khmer42_N9a6a,Khmer,Khmer,Khmer,Austroasiatic,N9a6*,N,N9,N9a,73G 263G 750G 1438G 2706G 3107d 4769G 4856C 5231A 5417A 6626C 7028T 8860G 9554A 11719A 12358G 12372A 12705T 14766T 15080G 15326G 16189C 16223T 16311C
338,24121720 Analysis of mitochondrial genome diversity identifies new and Zhang et al  (2013</PubDate>),24121720,Analysis of mitochondrial genome diversity identifies new and,2013,Zhang et al,KC505121,Cambodia.Khmer56_N9a6a.KC505121.N9a6a,Cambodia,Khmer56_N9a6a,Khmer,Khmer,Khmer,Austroasiatic,N9a6a,N,N9,N9a,73G 150T 263G 750G 1438G 2352C 2706G 3107d 4769G 5417A 7028T 7258C 8860G 11719A 12358G 12372A 12705T 13742T 14766T 15080G 15106A 15326G 16223T 16257A 16258G 16261T 16292T 16294T 16311C 16519C
342,24121720 Analysis of mitochondrial genome diversity identifies new and Zhang et al  (2013</PubDate>),24121720,Analysis of mitochondrial genome diversity identifies new and,2013,Zhang et al,KC887495,Cambodia.Khmer77_N7.KC887495.N7a1,Cambodia,Khmer77_N7,Khmer,Khmer,Khmer,Austroasiatic,N7a1,N,N7,N7a,73G 75T 152C 263G 279C 315.1C 316A 508G 709A 723G 750G 1438G 2265G 2706G 3107d 3396C 4769G 5201C 5261A 5390G 6570T 6710G 7028T 8860G 9254G 9438A 11617C 11719A 12705T 13542G 14668T 14766T 15326G 15945T 16051G 16063C 16129A 16166d 16223T 16318G 16463G 16466G 16519C
438,30715341 Evidence of Austronesian genetic lineages in East Africa and South Brucato et al  (2019),30715341,Evidence of Austronesian genetic lineages in East Africa and South,2019,Brucato et al,MK128893,Indonesia.BJM005.MK128893.N10,Indonesia,BJM005,Banjar,Banjar,"Banjar, Indonesian, Malay",Austronesian,N10,N,N10,N10,73G 152C 263G 513A 650C 1438G 2706G 3873G 4769G 5054A 5213G 5581G 6755A 6863G 7028T 7830A 7894G 8860G 9190T 9531G 9725C 10370C 10373A 10586A 11440A 11686T 11719A 12654G 12705T 13299G 13392C 14766T 15211T 15326G 16111T 16168T 16172C 16183C 16189C 16223T 16311C 16362C 16519C
489,30715341 Evidence of Austronesian genetic lineages in East Africa and South Brucato et al  (2019),30715341,Evidence of Austronesian genetic lineages in East Africa and South,2019,Brucato et al,MK128855,Indonesia.BJM067.MK128855.N9a6a,Indonesia,BJM067,Banjar,Banjar,"Banjar, Indonesian, Malay",Austronesian,N9a6a,N,N9,N9a,73G 150T 263G 309.1C 315.1C 750G 1438G 2706G 3107d 4586C 4769G 4856C 5231A 5417A 7028T 8860G 9210G 11719A 12358G 12372A 12705T 13742T 14766T 15080G 15326G 16086C 16187T 16223T 16257A 16261T 16292T 16294T 16519C
535,21407194 Larger mitochondrial DNA than Y-chromosome differences between Gunnarsdottir et al  (2011</PubDate>),21407194,Larger mitochondrial DNA than Y-chromosome differences between,2011,Gunnarsdottir et al,HM596644,Indonesia.Bes1.HM596644.N9a6a*3,Indonesia,Bes1,Padang,Minangkabau,"Minangkabau, Indonesian, Malay",Austronesian,N9a6a*3,N,N9,N9a,73G 150T 207A 263G 309.1C 315.1C 750G 1438G 2706G 3107d 4769G 4856C 5231A 5417A 7028T 8860G 10017G 11719A 12358G 12372A 12705T 13742T 14766T 15080G 15326G 16136C 16223T 16257A 16261T 16292T 16294T 16519C
567,21407194 Larger mitochondrial DNA than Y-chromosome differences between Gunnarsdottir et al  (2011</PubDate>),21407194,Larger mitochondrial DNA than Y-chromosome differences between,2011,Gunnarsdottir et al,HM596676,Indonesia.Bes6.HM596676.N22,Indonesia,Bes6,Pelagaran,Unknown,-,Unknown,N22,N,N22,N22,73G 150T 263G 315.1C 335G 750G 942G 1438G 1503A 2706G 3107d 3310T 4769G 5130C 6524C 7028T 7158G 8860G 9254G 11365C 11719A 12705T 13819C 13980A 14766T 15326G 16093C 16168T 16223T 16249C 16278T 16295T
996,26875094 Quantifying the legacy of the Chinese Neolithic on the maternal Brandao et al  (2016),26875094,Quantifying the legacy of the Chinese Neolithic on the maternal,2016,Brandao et al,KU521474,Indonesia.PRY51.KU521474.N9a6a,Indonesia,PRY51,Palangkaraya,Dayak,Dayak,Austronesian,N9a6a,N,N9,N9a,73G 150T 204C 263G 309.1C 309.2C 315.1C 750G 1438G 2706G 3107d 4586C 4769G 4856C 5231A 5417A 7028T 8860G 9210G 11719A 12358G 12372A 12705T 13742T 14766T 15080G 15326G 16187T 16223T 16257A 16261T 16292T 16294T 16311C 16519C
1026,21407194 Larger mitochondrial DNA than Y-chromosome differences between Gunnarsdottir et al  (2011</PubDate>),21407194,Larger mitochondrial DNA than Y-chromosome differences between,2011,Gunnarsdottir et al,HM596703,Indonesia.Smd30.HM596703.N9a6,Indonesia,Smd30,Semende,Semende,Semende,Austronesian,N9a6,N,N9,N9a,73G 150T 195C 263G 309.1C 309.2C 315.1C 750G 1438G 2706G 3010A 3107d 4769G 4856C 5231A 5417A 7028T 8860G 11719A 12358G 12372A 12705T 14766T 15326G 16223T 16257A 16261T 16292T 16309G 16519C
1056,"Unpublished Mitochondrial genome variation in 2 individual from Bandung, Ngili et al  (2016)",Unpublished,"Mitochondrial genome variation in 2 individual from Bandung,",2016,Ngili et al,JN048458,Indonesia.individual A.JN048458.N10,Indonesia,individual A,individual A,Unknown,-,Unknown,N10,N,N10,N10,650C 1438G 2706G 3423G 3873G 4769G 4985G 5213G 5581G 6755A 6863G 7028T 7894G 8653G 8853G 8860G 8886A 9190T 9531G 9559G 10370C 10373A 11335T 11440A 11719A 12654G 12705T 13474C 13702G 14199G 14272G 14365G 14368G 14766T 15211T 15326G 16111T 16168T 16172C 16183C 16189C
1062,26875094 Quantifying the legacy of the Chinese Neolithic on the maternal Brandao et al  (2016),26875094,Quantifying the legacy of the Chinese Neolithic on the maternal,2016,Brandao et al,KU521459,Laos.LAO1-08.KU521459.N9a10,Laos,LAO1-08,Hmong,Hmong,"Hmong, Mong","Hmong-Mien, Mongolic",N9a10,N,N9,N9a,73G 150T 263G 750G 1438G 2706G 3107d 4769G 5231A 5417A 7028T 8433C 8860G 9738A 11719A 12358G 12372A 12705T 12771A 14766T 15326G 16086C 16223T 16257A 16261T 16311C
1085,27837350 Complete mitochondrial genomes of Thai and Lao populations indicate Kutanan et al  (2017),27837350,Complete mitochondrial genomes of Thai and Lao populations indicate,2017,Kutanan et al,KX456985,Laos.LUA127.KX456985.N9a11,Laos,LUA127,North Laos,"Lao, Akha, Hmong, Khmu, Yao/Mien, Phuan","Lao, Akha, Hmong, Khmu, Yao/Mien, Phuan","Tai-Kadai, Hmong-Mien, Austroasiatic",N9a11,N,N9,N9a,73G 150T 195C 263G 750G 1438G 2706G 3107d 4769G 5231A 5417A 5752d 5899.1C 6092C 6267A 7028T 8860G 9180G 10801A 11719A 12358G 12372A 12705T 13934T 14581C 14766T 15326G 16093C 16172C 16223T 16257A 16261T 16311C 16519C
1091,27837350 Complete mitochondrial genomes of Thai and Lao populations indicate Kutanan et al  (2017),27837350,Complete mitochondrial genomes of Thai and Lao populations indicate,2017,Kutanan et al,KX456991,Laos.LUA139.KX456991.N9a10+16311,Laos,LUA139,North Laos,"Lao, Akha, Hmong, Khmu, Yao/Mien, Phuan","Lao, Akha, Hmong, Khmu, Yao/Mien, Phuan","Tai-Kadai, Hmong-Mien, Austroasiatic",N9a10+16311,N,N9,N9a,73G 150T 263G 309.1C 315.1C 750G 1438G 2706G 3107d 3918A 4769G 5231A 5417A 5780A 7028T 8433C 8860G 9738A 11719A 12358G 12372A 12705T 12771A 14766T 15326G 16086C 16223T 16257A 16261T 16311C
1127,26875094 Quantifying the legacy of the Chinese Neolithic on the maternal Brandao et al  (2016),26875094,Quantifying the legacy of the Chinese Neolithic on the maternal,2016,Brandao et al,KU521471,Malaysia.136B.KU521471.N9a6a,Malaysia,136B,Temuan,Temuan,"Temuan, Malay","Austroasiatic, Austronesian",N9a6a,N,N9,N9a,73G 150T 249d 260A 263G 310C 311T 750G 1438G 2706G 3107d 4769G 4856C 5231A 5417A 7028T 8860G 11253C 11719A 12358G 12372A 12705T 13742T 14766T 15080G 15326G 16223T 16257A 16261T 16292T 16294T 16519C
1129,"15890885 Single, rapid coastal settlement of Asia revealed by analysis of Macaulay et al  (2005)",15890885,"Single, rapid coastal settlement of Asia revealed by analysis of",2005,Macaulay et al,AY963578,Malaysia.7_N22(Tor55).AY963578.N22a,Malaysia,7_N22(Tor55),Aboriginal Malay (Temuan) ,Semelai,"Semelai, Malay","Austroasiatic, Austronesian",N22a,N,N22,N22,73G 150T 263G 292.1AT 315.1C 750G 942G 1438G 2706G 3107d 4769G 7028T 7158G 8860G 9159T 9254G 11365C 11719A 12025T 12705T 14587G 14766T 15326G 16017C 16075C 16168T 16223T 16249C
1132,"15890885 Single, rapid coastal settlement of Asia revealed by analysis of Macaulay et al  (2005)",15890885,"Single, rapid coastal settlement of Asia revealed by analysis of",2005,Macaulay et al,AY963580,Malaysia.9_N21(Tor57).AY963580.N21a,Malaysia,9_N21(Tor57),Aboriginal Malay (Semelai) ,Semelai,"Semelai, Malay","Austroasiatic, Austronesian",N21a,N,N21,N21,55A 73G 150T 195C 263G 315.1C 337d 750G 1438G 2706G 3107d 3552C 4769G 6752G 7028T 8701G 8860G 9512T 10583G 11719A 12705T 13135A 13437C 14560A 14766T 15326G 16193T 16291T 16519C
1144,22729749 Evolutionary history of continental southeast asians: 'early train' Jinam et al  (2012),22729749,Evolutionary history of continental southeast asians: 'early train',2012,Jinam et al,AP012355,Malaysia.BDF065.AP012355.N9a6a*1,Malaysia,BDF065,Bidayuh,Bidayuh,Bidayuh,Austronesian,N9a6a*1,N,N9,N9a,73G 150T 263G 315.1C 750G 1438G 2706G 3107d 4769G 4856C 5036G 5231A 5417A 7028T 7424G 8860G 11719A 12358G 12372A 12705T 13742T 14766T 15080G 15326G 16223T 16257A 16261T 16292T 16294T 16362C 16519C
1148,22729749 Evolutionary history of continental southeast asians: 'early train' Jinam et al  (2012),22729749,Evolutionary history of continental southeast asians: 'early train',2012,Jinam et al,AP012359,Malaysia.BDM002.AP012359.N9a6a*1,Malaysia,BDM002,Bidayuh,Bidayuh,Bidayuh,Austronesian,N9a6a*1,N,N9,N9a,73G 150T 263G 315.1C 750G 1438G 2706G 3107d 4769G 4856C 5036G 5231A 5417A 7028T 7424G 8860G 11719A 12358G 12372A 12705T 13742T 14766T 15080G 15326G 16223T 16257A 16261T 16292T 16294T 16362C 16519C
1168,22729749 Evolutionary history of continental southeast asians: 'early train' Jinam et al  (2012),22729749,Evolutionary history of continental southeast asians: 'early train',2012,Jinam et al,AP012369,Malaysia.JHF005.AP012369.N9a6a,Malaysia,JHF005,Jehai,Jehai (or Jahai),"Jahai, Malay","Austroasiatic, Austronesian",N9a6a,N,N9,N9a,73G 150T 263G 309.1C 315.1C 750G 1438G 2706G 3107d 4769G 4856C 5231A 5417A 7028T 8860G 11253C 11719A 12358G 12372A 12705T 13742T 14766T 15080G 15326G 16223T 16257A 16261T 16292T 16294T 16519C
1183,22729749 Evolutionary history of continental southeast asians: 'early train' Jinam et al  (2012),22729749,Evolutionary history of continental southeast asians: 'early train',2012,Jinam et al,AP012384,Malaysia.JHM018.AP012384.N9a6a,Malaysia,JHM018,Jehai,Jehai (or Jahai),"Jahai, Malay","Austroasiatic, Austronesian",N9a6a,N,N9,N9a,73G 150T 263G 309.1C 315.1C 750G 1438G 2706G 3107d 4769G 4856C 5231A 5417A 7028T 8860G 11253C 11719A 12358G 12372A 12705T 13742T 14766T 15080G 15326G 16223T 16257A 16261T 16292T 16294T 16519C
1220,26875094 Quantifying the legacy of the Chinese Neolithic on the maternal Brandao et al  (2016),26875094,Quantifying the legacy of the Chinese Neolithic on the maternal,2016,Brandao et al,KU521469,Malaysia.MI41.KU521469.N9a6,Malaysia,MI41,"Negeri Sembilan, Minangkabau Malay ",Minangkabau,Minangkabau,Austronesian,N9a6,N,N9,N9a,73G 150T 263G 750G 1438G 2706G 3107d 3849A 4769G 4856C 5231A 5417A 7028T 8860G 11719A 12358G 12372A 12501A 12705T 13708A 14766T 15326G 16223T 16257A 16261T 16292T 16311C 16519C
1235,22729749 Evolutionary history of continental southeast asians: 'early train' Jinam et al  (2012),22729749,Evolutionary history of continental southeast asians: 'early train',2012,Jinam et al,AP012395,Malaysia.SL11.AP012395.N9a6b,Malaysia,SL11,Seletar,Seletar (or Orang Seletar),"Orang Seletar, Malay",Austronesian,N9a6b,N,N9,N9a,73G 150T 263G 309.1C 309.2C 315.1C 524.1AC 750G 1438G 2706G 3107d 4769G 4856C 5231A 5417A 7028T 8860G 10530C 11719A 12358G 12372A 12705T 14364A 14766T 15326G 16223T 16257A 16261T 16292T 16342C 16519C
1253,22729749 Evolutionary history of continental southeast asians: 'early train' Jinam et al  (2012),22729749,Evolutionary history of continental southeast asians: 'early train',2012,Jinam et al,AP012413,Malaysia.SL39.AP012413.N9a6b,Malaysia,SL39,Seletar,Seletar (or Orang Seletar),"Orang Seletar, Malay",Austronesian,N9a6b,N,N9,N9a,73G 150T 263G 309.1C 309.2C 315.1C 750G 1438G 2706G 3107d 4769G 4856C 5231A 5417A 7028T 8860G 10530C 11719A 12358G 12372A 12705T 14364A 14766T 15326G 16223T 16257A 16261T 16292T 16342C 16519C
1256,22729749 Evolutionary history of continental southeast asians: 'early train' Jinam et al  (2012),22729749,Evolutionary history of continental southeast asians: 'early train',2012,Jinam et al,AP012416,Malaysia.TMF035.AP012416.N21a,Malaysia,TMF035,Temuan,Temuan,"Temuan, Malay","Austroasiatic, Austronesian",N21a,N,N21,N21,73G 150T 195C 263G 310C 337d 750G 1438G 2706G 3107d 4769G 6752G 7028T 8701G 8860G 9512T 10583G 11719A 12705T 13135A 13437C 14560A 14766T 15326G 16193T 16291T 16519C
1261,22729749 Evolutionary history of continental southeast asians: 'early train' Jinam et al  (2012),22729749,Evolutionary history of continental southeast asians: 'early train',2012,Jinam et al,AP012421,Malaysia.TMF061.AP012421.N9a6a,Malaysia,TMF061,Temuan,Temuan,"Temuan, Malay","Austroasiatic, Austronesian",N9a6a,N,N9,N9a,73G 150T 260A 263G 309.1C 315.1C 750G 1438G 2706G 3107d 4769G 4856C 5231A 5417A 7028T 8860G 11253C 11719A 12358G 12372A 12705T 13742T 14766T 15080G 15326G 16223T 16257A 16261T 16292T 16294T 16519C
1263,22729749 Evolutionary history of continental southeast asians: 'early train' Jinam et al  (2012),22729749,Evolutionary history of continental southeast asians: 'early train',2012,Jinam et al,AP012423,Malaysia.TMM010.AP012423.N21a,Malaysia,TMM010,Temuan,Temuan,"Temuan, Malay","Austroasiatic, Austronesian",N21a,N,N21,N21,73G 150T 195C 263G 309.1C 315.1C 337d 750G 1438G 2706G 3107d 4769G 6752G 7028T 8701G 8860G 9512T 10583G 11719A 12705T 13135A 13437C 14560A 14766T 15326G 15514C 16193T 16291T 16519C
1279,25826227 Ancient inland human dispersals from Myanmar into interior East Li et al  (2015),25826227,Ancient inland human dispersals from Myanmar into interior East,2015,Li et al,KP345981,Myanmar.Burman071.KP345981.N21+195,Myanmar,Burman071,Burman,Bamar (or Burman),Burmese,Sino-Tibetan,N21+195,N,N21,N21,73G 150T 195C 263G 315.1C 337d 523d 524d 750G 1438G 2706G 3107d 4769G 6752G 7028T 8701G 8860G 10583G 11701C 11719A 12705T 13437C 14560A 14766T 15043A 15326G 16182G 16223T 16519C
1282,25826227 Ancient inland human dispersals from Myanmar into interior East Li et al  (2015),25826227,Ancient inland human dispersals from Myanmar into interior East,2015,Li et al,KP345984,Myanmar.Burman115.KP345984.N21+195,Myanmar,Burman115,Burman,Bamar (or Burman),Burmese,Sino-Tibetan,N21+195,N,N21,N21,73G 150T 195C 263G 309.1C 315.1C 337d 750G 1438G 2706G 3107d 4769G 6752G 7028T 8406T 8701G 8860G 9325C 10583G 11440A 11719A 12705T 13437C 14560A 14766T 15043A 15326G 16182G 16193T 16223T 16260T 16519C
1317,25826227 Ancient inland human dispersals from Myanmar into interior East Li et al  (2015),25826227,Ancient inland human dispersals from Myanmar into interior East,2015,Li et al,KP346019,Myanmar.Burman614.KP346019.N21+195,Myanmar,Burman614,Burman,Bamar (or Burman),Burmese,Sino-Tibetan,N21+195,N,N21,N21,73G 150T 195C 263G 309.1C 315.1C 337d 523d 524d 750G 1438G 2706G 3107d 4769G 6752G 7028T 7220C 8701G 8860G 10583G 11719A 12705T 13437C 14153C 14560A 14766T 14769G 15326G 15929G 16189C 16223T 16519C
1391,24467713 Large-scale mitochondrial DNA analysis in Southeast Asia reveals Summerer et al  (2014),24467713,Large-scale mitochondrial DNA analysis in Southeast Asia reveals,2014,Summerer et al,JX289118,Myanmar.MMR168.JX289118.N8,Myanmar,MMR168,Karen,Karen,Karen,Sino-Tibetan,N8,N,N8,N8,73G 195C 263G 309.1C 315.1C 567.1CCCCC 750G 1438G 2706G 2760G 3027C 3107d 4769G 4924A 5120G 7028T 7885C 7961C 8188G 8860G 10398G 11719A 12705T 13710G 14766T 15211T 15326G 16129A 16223T 16263C 16274A 16311C 16318T 16343G 16519C
1509,21281460 Genetic affinities between the Yami tribe people of Orchid Island Loo et al  (2011),21281460,Genetic affinities between the Yami tribe people of Orchid Island,2011,Loo et al,HM238208,Philippines.BD47.HM238208.N9a10a2,Philippines,BD47,Ivatan from Batan Archipelago ,Ivatan,Ivatan,Austronesian,N9a10a2,N,N9,N9a,73G 150T 263G 309.1C 315.1C 750G 1438G 2706G 3107d 4769G 5231A 5417A 5899.1C 7028T 8860G 9428C 9755A 11719A 11968T 12358G 12372A 12705T 12771A 14766T 15326G 16086C 16223T 16257A 16519C
1547,21796613 Genetic diversity and evidence for population admixture in Batak Scholes et al  (2011),21796613,Genetic diversity and evidence for population admixture in Batak,2011,Scholes et al,JF739542,Philippines.CUY2.JF739542.N22,Philippines,CUY2,Cuyunin,Cuyunin (or Cuyonon),Cuyonon,Austronesian,N22,N,N22,N22,73G 150T 263G 309.1C 315.1C 750G 942G 1438G 2706G 2833G 3337A 4769G 5465C 6671C 7028T 7158G 8860G 9254G 11365C 11719A 12705T 14766T 15326G 16168T 16223T 16249C 16311C
1710,21147912 High-throughput sequencing of complete human mtDNA genomes from the Gunnarsdottir et al  (2011),21147912,High-throughput sequencing of complete human mtDNA genomes from the,2011,Gunnarsdottir et al,GU733718,Philippines.Mam1.GU733718.N11b*,Philippines,Mam1,Mam,Mam,Mam,Mayan,N11b*,N,N11,N11,73G 150T 152C 261T 263G 523d 524d 634C 750G 824C 1438G 2706G 3107d 3644C 3736A 4080C 4769G 5234T 6092C 6620C 7028T 7356A 8026T 8512G 8860G 8867C 9503G 9596G 10321C 11204C 11581A 11719A 11728T 12401T 12705T 14357G 14766T 15326G 16129A 16193T 16209C 16223T 16270T 16291T 16519C
1770,21147912 High-throughput sequencing of complete human mtDNA genomes from the Gunnarsdottir et al  (2011),21147912,High-throughput sequencing of complete human mtDNA genomes from the,2011,Gunnarsdottir et al,GU733776,Philippines.Man123.GU733776.N11b,Philippines,Man123,Man,Unknown,-,Unknown,N11b,N,N11,N11,73G 150T 261T 263G 523d 524d 750G 1438G 2706G 2833G 3107d 3736A 4080C 4769G 5234T 6092C 6620C 7028T 7356A 7853A 8512G 8860G 8867C 9503G 9596G 10321C 11204C 11581A 11719A 11728T 12401T 12705T 14357G 14766T 15326G 16129A 16193T 16209C 16223T 16270T 16291T 16519C
1895,32690935 Cultural variation impacts paternal and maternal genetic lineages Kutanan et al  (2020),32690935,Cultural variation impacts paternal and maternal genetic lineages,2020,Kutanan et al,MT418967,Thailand.32HMS202.MT418967.N9a10+16311,Thailand,32HMS202,Hmong,Hmong,Hmong,Hmong-Mien,N9a10+16311,N,N9,N9a,73G 150T 263G 309.1CT 316C 750G 1438G 2706G 3106d 3107d 4769G 5231A 5417A 7028T 8433C 8860G 9738A 11719A 12358G 12372A 12705T 12771A 14766T 15326G 16086C 16223T 16257A 16261T 16311C
1968,27837350 Complete mitochondrial genomes of Thai and Lao populations indicate Kutanan et al  (2017),27837350,Complete mitochondrial genomes of Thai and Lao populations indicate,2017,Kutanan et al,KX456497,Thailand.A2YU218.KX456497.N9a,Thailand,A2YU218,North Thailand,Thai,Thai,Tai-Kadai,N9a,N,N9,N9a,73G 150T 152C 263G 315.1C 750G 1438G 2706G 3107d 4769G 5004C 5231A 5417A 7028T 7897A 8794T 8860G 9053A 11719A 12358G 12372A 12705T 13927T 14766T 15106A 15326G 15466A 15773A 16093C 16223T 16257A 16519C
2013,27837350 Complete mitochondrial genomes of Thai and Lao populations indicate Kutanan et al  (2017),27837350,Complete mitochondrial genomes of Thai and Lao populations indicate,2017,Kutanan et al,KX456542,Thailand.A2YU415.KX456542.N22,Thailand,A2YU415,North Thailand,Thai,Thai,Tai-Kadai,N22,N,N22,N22,73G 150T 263G 309.1C 315.1C 335G 750G 942G 1438G 1503A 2706G 3107d 4769G 4820A 5130C 7028T 7158G 8860G 9254G 11365C 11719A 12705T 13819C 13980A 14766T 15326G 16168T 16223T 16249C
2015,27837350 Complete mitochondrial genomes of Thai and Lao populations indicate Kutanan et al  (2017),27837350,Complete mitochondrial genomes of Thai and Lao populations indicate,2017,Kutanan et al,KX456544,Thailand.A2YU419.KX456544.N9a10,Thailand,A2YU419,North Thailand,Thai,Thai,Tai-Kadai,N9a10,N,N9,N9a,73G 150T 195C 204C 210G 263G 309.1C 315.1C 524.1AC 750G 1027G 1438G 2706G 3107d 4343G 4769G 5231A 5417A 7028T 8860G 11332T 11719A 12358G 12372A 12705T 12771A 14691T 14766T 15326G 16172C 16189C 16223T 16257A 16261T
2025,27837350 Complete mitochondrial genomes of Thai and Lao populations indicate Kutanan et al  (2017),27837350,Complete mitochondrial genomes of Thai and Lao populations indicate,2017,Kutanan et al,KX456554,Thailand.A2YU435.KX456554.N9a6,Thailand,A2YU435,North Thailand,Thai,Thai,Tai-Kadai,N9a6,N,N9,N9a,73G 150T 263G 309.1C 315.1C 709A 750G 1438G 2706G 3107d 4769G 4856C 5231A 5417A 6852A 7028T 8799G 8860G 11719A 12358G 12372A 12705T 14766T 15080G 15326G 16223T 16257A 16261T 16292T 16519C
2052,27837350 Complete mitochondrial genomes of Thai and Lao populations indicate Kutanan et al  (2017),27837350,Complete mitochondrial genomes of Thai and Lao populations indicate,2017,Kutanan et al,KX456581,Thailand.A2YU548.KX456581.N9a1,Thailand,A2YU548,North Thailand,Thai,Thai,Tai-Kadai,N9a1,N,N9,N9a,73G 150T 263G 309.1C 315.1C 745G 750G 1438G 2706G 3107d 4386C 4769G 5231A 5417A 7028T 8860G 9287A 11719A 12007A 12358G 12372A 12705T 14766T 15326G 16111T 16129A 16223T 16257A 16261T
2058,27837350 Complete mitochondrial genomes of Thai and Lao populations indicate Kutanan et al  (2017),27837350,Complete mitochondrial genomes of Thai and Lao populations indicate,2017,Kutanan et al,KX456587,Thailand.A2YU609.KX456587.N10a,Thailand,A2YU609,North Thailand,Thai,Thai,Tai-Kadai,N10a,N,N10,N10,73G 185A 189G 215G 263G 315.1C 523d 524d 1438G 2706G 3107d 3543T 3873G 4562G 4769G 5581G 6314T 7028T 7853A 8860G 9899C 10373A 11719A 11830C 12136C 12705T 13434G 13500C 13928C 14022G 14766T 14953T 15211T 15326G 15758G 16172C 16183C 16189C 16223T 16265G 16292T 16362C
2060,27837350 Complete mitochondrial genomes of Thai and Lao populations indicate Kutanan et al  (2017),27837350,Complete mitochondrial genomes of Thai and Lao populations indicate,2017,Kutanan et al,KX456589,Thailand.A2YU613.KX456589.N10b,Thailand,A2YU613,North Thailand,Thai,Thai,Tai-Kadai,N10b,N,N10,N10,73G 150T 199C 263G 709A 1438G 2010C 2706G 2707C 3107d 4769G 4977C 5581G 6245G 7028T 8130T 8167C 8860G 9459T 10345C 11719A 12092A 12705T 14053G 14766T 15226G 15326G 16069T 16172C 16223T 16271C 16274A 16278T 16291A 16298C 16362C
2065,27837350 Complete mitochondrial genomes of Thai and Lao populations indicate Kutanan et al  (2017),27837350,Complete mitochondrial genomes of Thai and Lao populations indicate,2017,Kutanan et al,KX456594,Thailand.A2YU623.KX456594.N9a10+16311,Thailand,A2YU623,North Thailand,Thai,Thai,Tai-Kadai,N9a10+16311,N,N9,N9a,73G 150T 263G 309.1C 315.1C 524.1AC 750G 1041G 1438G 2706G 3107d 4386C 4769G 5231A 5417A 5492C 5585A 7028T 8860G 11719A 12358G 12372A 12705T 12771A 13488C 14766T 15094T 15326G 16223T 16257A 16261T 16311C 16390A
2145,27837350 Complete mitochondrial genomes of Thai and Lao populations indicate Kutanan et al  (2017),27837350,Complete mitochondrial genomes of Thai and Lao populations indicate,2017,Kutanan et al,KX456674,Thailand.A4YU219.KX456674.N9a10+16311,Thailand,A4YU219,North Thailand,Thai,Thai,Tai-Kadai,N9a10+16311,N,N9,N9a,73G 150T 263G 524.1AC 750G 1041G 1438G 2706G 3107d 4386C 4769G 5231A 5417A 5492C 5585A 7028T 8860G 11719A 12358G 12372A 12705T 12771A 13488C 14766T 15094T 15326G 16223T 16257A 16261T 16311C 16390A
2217,27837350 Complete mitochondrial genomes of Thai and Lao populations indicate Kutanan et al  (2017),27837350,Complete mitochondrial genomes of Thai and Lao populations indicate,2017,Kutanan et al,KX456745,Thailand.BRU121.KX456745.N21+195,Thailand,BRU121,Northeast Thailand,Isan (or Lao),"Lao, Isan",Tai-Kadai,N21+195,N,N21,N21,73G 150T 195C 263G 309.1C 315.1C 337d 750G 1438G 2706G 3107d 4512A 4769G 6752G 7028T 8701G 8860G 10583G 11719A 12705T 13437C 14560A 14766T 15326G 16182G 16193T 16223T 16240G 16362C 16519C
2230,Unpublished South Asian maternal and paternal lineages in southern Thailand and Woravatin et al  (2023),Unpublished,South Asian maternal and paternal lineages in southern Thailand and,2023,Woravatin et al,OQ731949,Thailand.BST107.OQ731949.N8,Thailand,BST107,BST,Unknown,-,Unknown,N8,N,N8,N8,73G 234G 263G 723G 750G 1438G 1709A 2706G 2760G 3027C 3107d 4769G 7028T 7409T 7498A 7885C 7961C 8188G 8860G 10398G 10410C 11719A 12082G 12705T 13710G 13980A 14766T 15115C 15211T 15326G 15445C 16223T 16263C 16274A 16311C 16343G 16357C
2248,Unpublished South Asian maternal and paternal lineages in southern Thailand and Woravatin et al  (2023),Unpublished,South Asian maternal and paternal lineages in southern Thailand and,2023,Woravatin et al,OQ731967,Thailand.BST147.OQ731967.N,Thailand,BST147,BST,Unknown,-,Unknown,N,N,N,N,73G 195C 263G 750G 1391C 1438G 2706G 3107d 4769G 5895.1A 6752G 7028T 8860G 9629G 10143A 10586A 10999T 11167G 11465C 11719A 12373G 12705T 12876T 13105G 13629G 13651G 14766T 15110A 15218G 15326G 16129A 16193T 16223T 16355T 16519C
2267,29483671 New insights from Thailand into the maternal genetic history of Kutanan et al  (2018),29483671,New insights from Thailand into the maternal genetic history of,2018,Kutanan et al,MG272593,Thailand.CT135.MG272593.N10a,Thailand,CT135,Central Thai,Thai,Thai,Tai-Kadai,N10a,N,N10,N10,73G 185A 189G 263G 722T 1438G 2706G 3107d 3543T 3873G 4562G 4769G 5581G 6314T 7028T 7853A 8860G 9899C 10373A 11719A 12136C 12705T 13434G 13500C 13928C 14022G 14766T 14953T 15211T 15326G 16172C 16183C 16189C 16223T 16362C 16519C
2309,29483671 New insights from Thailand into the maternal genetic history of Kutanan et al  (2018),29483671,New insights from Thailand into the maternal genetic history of,2018,Kutanan et al,MG272635,Thailand.CT259.MG272635.N,Thailand,CT259,Central Thai,Thai,Thai,Tai-Kadai,N,N,N,N,73G 263G 750G 1438G 1664A 2706G 3107d 3504C 3918A 4248C 4769G 5108C 6542T 7028T 7789A 8251A 8794T 8860G 9091G 9804A 9968T 11719A 12705T 13780G 14766T 14905A 15326G 16213A 16217C 16223T 16261T 16290T 16292T 16319A 16362C 16519C
2430,29483671 New insights from Thailand into the maternal genetic history of Kutanan et al  (2018),29483671,New insights from Thailand into the maternal genetic history of,2018,Kutanan et al,MG272756,Thailand.CT703.MG272756.N9a10,Thailand,CT703,Central Thai,Thai,Thai,Tai-Kadai,N9a10,N,N9,N9a,73G 150T 263G 750G 1438G 2706G 3107d 3397G 3993T 4769G 4958G 5231A 5417A 7028T 8860G 10966C 11719A 12358G 12372A 12534G 12705T 12771A 14766T 15326G 16223T 16257A 16261T
2510,29483671 New insights from Thailand into the maternal genetic history of Kutanan et al  (2018),29483671,New insights from Thailand into the maternal genetic history of,2018,Kutanan et al,MG272836,Thailand.EMS908.MG272836.N8*,Thailand,EMS908,EMS,Unknown,-,Unknown,N8*,N,N8,N8*,73G 152C 263G 750G 1438G 2706G 2760G 3027C 3107d 3483A 3633C 3666A 4769G 7028T 7885C 7961C 8188G 8860G 10166C 10398G 11719A 12705T 13710G 14766T 15211T 15326G 16223T 16263C 16274A 16311C 16343G 16357C 16519C
2539,29483671 New insights from Thailand into the maternal genetic history of Kutanan et al  (2018),29483671,New insights from Thailand into the maternal genetic history of,2018,Kutanan et al,MG272865,Thailand.EPB504.MG272865.N21a,Thailand,EPB504,EPB,Unknown,-,Unknown,N21a,N,N21,N21,73G 150T 195C 263G 315.1C 750G 1438G 2706G 3107d 4769G 6752G 7028T 8701G 8860G 9512T 10583G 11150A 11719A 12705T 13135A 13437C 14560A 14766T 15326G 16193T 16223T 16519C
2593,32690935 Cultural variation impacts paternal and maternal genetic lineages Kutanan et al  (2020),32690935,Cultural variation impacts paternal and maternal genetic lineages,2020,Kutanan et al,MT419000,Thailand.HM202.MT419000.N9a10+16311,Thailand,HM202,Hmong,Hmong,Hmong,Hmong-Mien,N9a10+16311,N,N9,N9a,73G 146C 150T 263G 750G 1438G 2706G 3107d 4769G 5231A 5417A 7028T 8433C 8860G 9738A 11719A 12358G 12372A 12705T 12771A 14766T 15326G 16086C 16223T 16257A 16261T 16311C
2688,32690935 Cultural variation impacts paternal and maternal genetic lineages Kutanan et al  (2020),32690935,Cultural variation impacts paternal and maternal genetic lineages,2020,Kutanan et al,MT419095,Thailand.HMP113.MT419095.N9a10+16311,Thailand,HMP113,Hmong,Hmong,Hmong,Hmong-Mien,N9a10+16311,N,N9,N9a,73G 150T 263G 750G 1438G 2706G 3107d 4769G 5231A 5417A 7028T 8433C 8860G 9738A 11719A 12358G 12372A 12705T 12771A 14766T 15326G 16086C 16223T 16257A 16261T 16311C
2873,27837350 Complete mitochondrial genomes of Thai and Lao populations indicate Kutanan et al  (2017),27837350,Complete mitochondrial genomes of Thai and Lao populations indicate,2017,Kutanan et al,KX456906,Thailand.LAO515.KX456906.N9a1,Thailand,LAO515,Northeast Thailand,Isan (or Lao),"Lao, Isan",Tai-Kadai,N9a1,N,N9,N9a,73G 150T 263G 309.1C 309.2C 315.1C 745G 750G 1438G 2706G 3107d 3788G 4386C 4769G 5231A 5417A 7028T 8860G 9287A 11719A 12007A 12358G 12372A 12705T 14766T 15326G 16111T 16129A 16223T 16257A 16261T
2906,27837350 Complete mitochondrial genomes of Thai and Lao populations indicate Kutanan et al  (2017),27837350,Complete mitochondrial genomes of Thai and Lao populations indicate,2017,Kutanan et al,KX456939,Thailand.LAO618.KX456939.N10a,Thailand,LAO618,Northeast Thailand,Isan (or Lao),"Lao, Isan",Tai-Kadai,N10a,N,N10,N10,73G 185A 189G 263G 309.1C 309.2C 315.1C 523d 524d 1438G 2706G 3107d 3543T 3873G 4562G 4769G 5581G 6314T 7028T 7711C 7853A 8860G 9899C 10373A 11719A 12136C 12705T 13434G 13500C 13928C 14022G 14766T 14953T 15326G 16172C 16183C 16189C 16223T 16362C
2957,27837350 Complete mitochondrial genomes of Thai and Lao populations indicate Kutanan et al  (2017),27837350,Complete mitochondrial genomes of Thai and Lao populations indicate,2017,Kutanan et al,KX456956,Thailand.LTP117.KX456956.N9a6,Thailand,LTP117,Central Thailand,Thai,Thai,Tai-Kadai,N9a6,N,N9,N9a,73G 146C 150T 263G 309.1C 315.1C 750G 961C 1438G 2706G 3107d 4769G 4856C 5231A 5417A 7028T 8860G 8963T 11719A 12358G 12372A 12705T 14766T 15326G 16188T 16223T 16257A 16261T 16292T 16519C
2958,27837350 Complete mitochondrial genomes of Thai and Lao populations indicate Kutanan et al  (2017),27837350,Complete mitochondrial genomes of Thai and Lao populations indicate,2017,Kutanan et al,KX456957,Thailand.LTP119.KX456957.N9a6,Thailand,LTP119,Central Thailand,Thai,Thai,Tai-Kadai,N9a6,N,N9,N9a,73G 146C 150T 263G 309.1C 315.1C 750G 961C 1438G 2706G 3107d 4769G 4856C 5231A 5417A 7028T 8860G 8963T 11719A 12358G 12372A 12705T 14766T 15326G 16223T 16257A 16261T 16292T 16519C
3016,27837350 Complete mitochondrial genomes of Thai and Lao populations indicate Kutanan et al  (2017),27837350,Complete mitochondrial genomes of Thai and Lao populations indicate,2017,Kutanan et al,KX457040,Thailand.LW545.KX457040.N9a6,Thailand,LW545,North Thailand,Thai,Thai,Tai-Kadai,N9a6,N,N9,N9a,73G 150T 263G 309.1C 315.1C 750G 1438G 1709A 2706G 3107d 4769G 4856C 5231A 5417A 7028T 8860G 11719A 12358G 12372A 12705T 14766T 15080G 15326G 16223T 16257A 16261T 16292T 16519C
3022,27837350 Complete mitochondrial genomes of Thai and Lao populations indicate Kutanan et al  (2017),27837350,Complete mitochondrial genomes of Thai and Lao populations indicate,2017,Kutanan et al,KX457046,Thailand.LW608.KX457046.N10a,Thailand,LW608,North Thailand,Thai,Thai,Tai-Kadai,N10a,N,N10,N10,73G 185A 189G 210G 263G 523d 524d 1438G 2706G 3107d 3543T 3873G 4562G 4769G 5581G 6314T 7028T 7853A 8860G 9899C 10373A 11719A 12136C 12705T 13434G 13500C 13928C 14022G 14766T 14953T 15211T 15229C 15326G 15765A 16134T 16172C 16183C 16189C 16223T 16362C
3035,27837350 Complete mitochondrial genomes of Thai and Lao populations indicate Kutanan et al  (2017),27837350,Complete mitochondrial genomes of Thai and Lao populations indicate,2017,Kutanan et al,KX457059,Thailand.LW628.KX457059.N10a,Thailand,LW628,North Thailand,Thai,Thai,Tai-Kadai,N10a,N,N10,N10,73G 185A 189G 210G 263G 291.1A 309.1C 315.1C 523d 524d 1438G 2706G 3107d 3543T 3873G 4562G 4769G 5581G 6314T 7028T 7853A 8860G 9899C 10373A 11719A 12136C 12705T 13434G 13500C 13928C 14022G 14766T 14953T 15211T 15229C 15326G 15765A 16134T 16172C 16182C 16183C 16189C 16223T 16362C
3100,27837350 Complete mitochondrial genomes of Thai and Lao populations indicate Kutanan et al  (2017),27837350,Complete mitochondrial genomes of Thai and Lao populations indicate,2017,Kutanan et al,KX457067,Thailand.MLB101.KX457067.N9a3,Thailand,MLB101,Central Thailand,Thai,Thai,Tai-Kadai,N9a3,N,N9,N9a,73G 150T 234G 263G 309.1C 315.1C 750G 1438G 2706G 3107d 3744G 4129G 4769G 5231A 5417A 7028T 8563G 8860G 9632G 9647C 11719A 12354C 12358G 12372A 12612G 12705T 14766T 15326G 16111A 16129A 16223T 16257A 16261T
3195,27837350 Complete mitochondrial genomes of Thai and Lao populations indicate Kutanan et al  (2017),27837350,Complete mitochondrial genomes of Thai and Lao populations indicate,2017,Kutanan et al,KX457138,Thailand.MON249.KX457138.N9a10,Thailand,MON249,West Thailand,Thai,Thai,Tai-Kadai,N9a10,N,N9,N9a,73G 150T 195C 204C 263G 315.1C 567.1CC 750G 1027G 1438G 2706G 3107d 3882A 4343G 4769G 5231A 5417A 7028T 8860G 11332T 11719A 12358G 12372A 12705T 12771A 14691T 14766T 15326G 16172C 16189C 16223T 16257A 16261T 16316G
3238,Unpublished South Asian maternal and paternal lineages in southern Thailand and Woravatin et al  (2023),Unpublished,South Asian maternal and paternal lineages in southern Thailand and,2023,Woravatin et al,OQ731969,Thailand.MST101.OQ731969.N9a6a,Thailand,MST101,MST,Unknown,-,Unknown,N9a6a,N,N9,N9a,73G 150T 207A 263G 573.1C 574C 576C 750G 1438G 2706G 3107d 4769G 4856C 5231A 5417A 7028T 8860G 11253C 11719A 12358G 12372A 12705T 13742T 14766T 15080G 15326G 16223T 16257A 16261T 16292T 16294T 16519C
3243,Unpublished South Asian maternal and paternal lineages in southern Thailand and Woravatin et al  (2023),Unpublished,South Asian maternal and paternal lineages in southern Thailand and,2023,Woravatin et al,OQ731974,Thailand.MST202.OQ731974.N9a6a,Thailand,MST202,MST,Unknown,-,Unknown,N9a6a,N,N9,N9a,73G 150T 263G 750G 827G 1048T 1438G 2706G 3107d 4769G 4856C 5231A 5417A 5823G 7028T 8860G 11719A 12358G 12372A 12705T 13482G 13742T 14766T 15080G 15326G 16223T 16257A 16261T 16292T 16294T 16519C
3256,Unpublished South Asian maternal and paternal lineages in southern Thailand and Woravatin et al  (2023),Unpublished,South Asian maternal and paternal lineages in southern Thailand and,2023,Woravatin et al,OQ731987,Thailand.MST318.OQ731987.N22,Thailand,MST318,MST,Unknown,-,Unknown,N22,N,N22,N22,73G 177C 263G 709A 750G 942G 1438G 2706G 3107d 4550C 4769G 6722A 7028T 7158G 8860G 8978C 9254G 10750G 11365C 11383C 11719A 12705T 13980A 14176G 14766T 15326G 16093C 16168T 16223T 16249C 16519C
3365,32690935 Cultural variation impacts paternal and maternal genetic lineages Kutanan et al  (2020),32690935,Cultural variation impacts paternal and maternal genetic lineages,2020,Kutanan et al,MT419235,Thailand.PM128.MT419235.N9a10,Thailand,PM128,Lao Islan,Lao Islan,Lao Islan,Tai-Kadai,N9a10,N,N9,N9a,73G 150T 263G 750G 1438G 2706G 3107d 4769G 4958G 5231A 5417A 7028T 8860G 10966C 11719A 12358G 12372A 12534G 12705T 12771A 14766T 15326G 16223T 16257A 16261T
3373,27837350 Complete mitochondrial genomes of Thai and Lao populations indicate Kutanan et al  (2017),27837350,Complete mitochondrial genomes of Thai and Lao populations indicate,2017,Kutanan et al,KX457205,Thailand.PP101.KX457205.N21+195,Thailand,PP101,North Thailand,Thai,Thai,Tai-Kadai,N21+195,N,N21,N21,73G 150T 195C 263G 315.1C 337d 750G 1438G 2706G 3107d 4769G 6752G 7028T 8701G 8860G 9288G 10583G 11719A 12705T 13437C 14560A 14766T 15043A 15326G 16182G 16193T 16223T 16311C 16519C
3403,27837350 Complete mitochondrial genomes of Thai and Lao populations indicate Kutanan et al  (2017),27837350,Complete mitochondrial genomes of Thai and Lao populations indicate,2017,Kutanan et al,KX457235,Thailand.PP213.KX457235.N21+195,Thailand,PP213,North Thailand,Thai,Thai,Tai-Kadai,N21+195,N,N21,N21,73G 150T 195C 263G 315.1C 337d 397.1T 519G 750G 1438G 2706G 3107d 4113A 4769G 6752G 7028T 8701G 8860G 9325C 10583G 11440A 11719A 12705T 13437C 14560A 14766T 15043A 15326G 16182G 16193T 16223T 16260T 16519C
3460,27837350 Complete mitochondrial genomes of Thai and Lao populations indicate Kutanan et al  (2017),27837350,Complete mitochondrial genomes of Thai and Lao populations indicate,2017,Kutanan et al,KX457292,Thailand.PT121.KX457292.N9a10+16311,Thailand,PT121,Central Thailand,Thai,Thai,Tai-Kadai,N9a10+16311,N,N9,N9a,73G 150T 263G 750G 1041G 1438G 2706G 3107d 4386C 4769G 5231A 5417A 5585A 7028T 8860G 11719A 12358G 12372A 12705T 12771A 13488C 14766T 15094T 15326G 16183C 16189C 16223T 16257A 16261T 16311C 16390A
3477,27837350 Complete mitochondrial genomes of Thai and Lao populations indicate Kutanan et al  (2017),27837350,Complete mitochondrial genomes of Thai and Lao populations indicate,2017,Kutanan et al,KX457309,Thailand.PUT107.KX457309.N21+195,Thailand,PUT107,Northeast Thailand,Isan (or Lao),"Lao, Isan",Tai-Kadai,N21+195,N,N21,N21,73G 150T 195C 263G 309.1C 315.1C 337d 750G 1438G 2706G 3107d 4512A 4769G 6752G 7028T 8701G 8860G 10583G 11719A 12705T 13437C 14560A 14766T 15326G 16193T 16223T 16240G 16519C
3550,27837350 Complete mitochondrial genomes of Thai and Lao populations indicate Kutanan et al  (2017),27837350,Complete mitochondrial genomes of Thai and Lao populations indicate,2017,Kutanan et al,KX457352,Thailand.RY101.KX457352.N21a,Thailand,RY101,Central Thailand,Thai,Thai,Tai-Kadai,N21a,N,N21,N21,73G 150T 195C 263G 337d 750G 1438G 2706G 3107d 4769G 6752G 7028T 8701G 8860G 9512T 10583G 11719A 12189C 12705T 13135A 13437C 14002G 14560A 14766T 15326G 16193T 16223T 16519C
3561,27837350 Complete mitochondrial genomes of Thai and Lao populations indicate Kutanan et al  (2017),27837350,Complete mitochondrial genomes of Thai and Lao populations indicate,2017,Kutanan et al,KX457363,Thailand.RY121.KX457363.N21a,Thailand,RY121,Central Thailand,Thai,Thai,Tai-Kadai,N21a,N,N21,N21,73G 150T 195C 263G 309.1C 309.2C 315.1C 337d 750G 1438G 2706G 3107d 4769G 6752G 7028T 8701G 8860G 9512T 10583G 11719A 12189C 12705T 13135A 13437C 14002G 14560A 14766T 15326G 16193T 16223T 16519C
3603,32690935 Cultural variation impacts paternal and maternal genetic lineages Kutanan et al  (2020),32690935,Cultural variation impacts paternal and maternal genetic lineages,2020,Kutanan et al,MT419275,Thailand.SH203.MT419275.N10a,Thailand,SH203,Shan,Shan,Shan,Tai-Kadai,N10a,N,N10,N10,73G 185A 189G 200G 263G 1438G 2706G 3107d 3543T 3873G 4562G 4769G 5581G 6314T 7028T 7853A 8860G 9899C 10373A 11719A 12136C 12705T 13434G 13500C 13928C 14022G 14766T 14953T 15211T 15326G 16114T 16172C 16223T 16362C
3621,32690935 Cultural variation impacts paternal and maternal genetic lineages Kutanan et al  (2020),32690935,Cultural variation impacts paternal and maternal genetic lineages,2020,Kutanan et al,MT419293,Thailand.SH231.MT419293.N9a1,Thailand,SH231,Shan,Shan,Shan,Tai-Kadai,N9a1,N,N9,N9a,73G 150T 263G 745G 750G 1438G 2706G 3107d 4386C 4769G 5231A 5417A 7028T 8860G 9287A 11719A 12007A 12358G 12372A 12705T 14305A 14766T 15326G 16111T 16129A 16223T 16257A 16261T
3649,27837350 Complete mitochondrial genomes of Thai and Lao populations indicate Kutanan et al  (2017),27837350,Complete mitochondrial genomes of Thai and Lao populations indicate,2017,Kutanan et al,KX457425,Thailand.SO145.KX457425.N9a6,Thailand,SO145,Northeast Thailand,Isan (or Lao),"Lao, Isan",Tai-Kadai,N9a6,N,N9,N9a,73G 150T 263G 309.1C 315.1C 750G 1438G 2706G 3107d 4769G 4856C 5231A 5417A 7028T 8860G 11719A 12358G 12372A 12705T 14203G 14766T 15326G 16223T 16257A 16261T 16519C
3680,27837350 Complete mitochondrial genomes of Thai and Lao populations indicate Kutanan et al  (2017),27837350,Complete mitochondrial genomes of Thai and Lao populations indicate,2017,Kutanan et al,KX457456,Thailand.STP105.KX457456.N9a10+16311,Thailand,STP105,North Thailand,Thai,Thai,Tai-Kadai,N9a10+16311,N,N9,N9a,73G 150T 239C 263G 309.1C 315.1C 750G 1438G 2706G 3107d 4386C 4769G 5231A 5417A 7028T 8860G 9214G 11719A 12358G 12372A 12705T 12771A 14766T 15094T 15326G 16223T 16257A 16261T 16311C 16343G
3770,29483671 New insights from Thailand into the maternal genetic history of Kutanan et al  (2018),29483671,New insights from Thailand into the maternal genetic history of,2018,Kutanan et al,MG272962,Thailand.TL141.MG272962.N9a,Thailand,TL141,Khuen,Khuen,Khuen,Austroasiatic,N9a,N,N9,N9a,73G 150T 151T 263G 315.1C 750G 1438G 2706G 3107d 3338C 4769G 5231A 5417A 7028T 7376T 8860G 11719A 12358G 12372A 12705T 14251G 14766T 15326G 16223T 16257A 16261T
3939,29483671 New insights from Thailand into the maternal genetic history of Kutanan et al  (2018),29483671,New insights from Thailand into the maternal genetic history of,2018,Kutanan et al,MG273052,Thailand.TU128.MG273052.N21+195,Thailand,TU128,Khuen,Khuen,Khuen,Austroasiatic,N21+195,N,N21,N21,73G 146C 150T 195C 263G 750G 1438G 2706G 3107d 4541A 4769G 6752G 7028T 8701G 8860G 10583G 11719A 12705T 13437C 14560A 14766T 15043A 15326G 16172C 16182G 16193T 16223T 16519C
3998,29483671 New insights from Thailand into the maternal genetic history of Kutanan et al  (2018),29483671,New insights from Thailand into the maternal genetic history of,2018,Kutanan et al,MG273111,Thailand.TU401.MG273111.N9a,Thailand,TU401,Khuen,Khuen,Khuen,Austroasiatic,N9a,N,N9,N9a,73G 150T 263G 750G 1438G 1888A 2706G 3107d 4769G 5231A 5417A 7028T 8251A 8860G 11719A 12358G 12372A 12705T 14766T 15326G 16189C 16223T 16257A 16261T
4066,27837350 Complete mitochondrial genomes of Thai and Lao populations indicate Kutanan et al  (2017),27837350,Complete mitochondrial genomes of Thai and Lao populations indicate,2017,Kutanan et al,KX457594,Thailand.UT427.KX457594.N8*,Thailand,UT427,North Thailand,Thai,Thai,Tai-Kadai,N8*,N,N8,N8*,73G 152C 263G 315.1C 750G 1438G 2706G 2760G 3027C 3107d 3483A 3666A 4769G 7028T 7119A 7885C 7961C 8188G 8276.1C 8860G 10166C 10398G 11719A 12705T 13710G 14766T 15211T 15326G 16193T 16223T 16263C 16274A 16311C 16343G 16357C 16519C
4238,20513740 Tracing the austronesian footprint in mainland southeast Asia: a Peng et al  (2010),20513740,Tracing the austronesian footprint in mainland southeast Asia: a,2010,Peng et al,GQ301877,Vietnam.Cham164.GQ301877.N21a,Vietnam,Cham164,Cham,Cham,Cham,Austronesian,N21a,N,N21,N21,73G 150T 195C 263G 309.1C 315.1C 337d 750G 1438G 2706G 3107d 4769G 6480A 6752G 7028T 8470G 8701G 8860G 9512T 10583G 11150A 11719A 12705T 13135A 13437C 14344G 14560A 14766T 15326G 16193T 16223T 16291T 16519C
4243,20513740 Tracing the austronesian footprint in mainland southeast Asia: a Peng et al  (2010),20513740,Tracing the austronesian footprint in mainland southeast Asia: a,2010,Peng et al,GQ301867,Vietnam.Cham80.GQ301867.N21+195,Vietnam,Cham80,Cham,Cham,Cham,Austronesian,N21+195,N,N21,N21,73G 150T 195C 263G 315.1C 337d 523d 524d 750G 1438G 2706G 3107d 4769G 6752G 7028T 8701G 8860G 10583G 11719A 12705T 13437C 14560A 14766T 15244G 15326G 16129A 16193T 16223T 16325C 16519C
4271,30076323 Complete human mtDNA genome sequences from Vietnam and the Duong et al  (2018),30076323,Complete human mtDNA genome sequences from Vietnam and the,2018,Duong et al,MH448974,Vietnam.CoLao595.MH448974.N9a10+16311,Vietnam,CoLao595,CoLao,CoLao,CoLao,Tai-Kadai,N9a10+16311,N,N9,N9a,73G 150T 263G 309.1C 315.1C 750G 1438G 2706G 3107d 4769G 5231A 5417A 5780A 7028T 8433C 8860G 9738A 11719A 12358G 12372A 12705T 12771A 14766T 15326G 16086C 16223T 16257A 16261T 16311C
4280,26875094 Quantifying the legacy of the Chinese Neolithic on the maternal Brandao et al  (2016),26875094,Quantifying the legacy of the Chinese Neolithic on the maternal,2016,Brandao et al,KU521465,Vietnam.DKK4276.KU521465.N9a6,Vietnam,DKK4276,Kinh,Kinh,Kinh,Austroasiatic,N9a6,N,N9,N9a,73G 150T 263G 309.1C 309.2C 315.1C 750G 961C 1438G 2706G 3107d 4769G 4856C 5231A 5417A 7028T 8860G 11017C 11719A 12358G 12372A 12705T 14766T 15326G 16189C 16223T 16257A 16261T 16292T 16519C
4282,26875094 Quantifying the legacy of the Chinese Neolithic on the maternal Brandao et al  (2016),26875094,Quantifying the legacy of the Chinese Neolithic on the maternal,2016,Brandao et al,KU521466,Vietnam.DKK4471.KU521466.N9a6,Vietnam,DKK4471,Kinh,Kinh,Kinh,Austroasiatic,N9a6,N,N9,N9a,73G 150T 263G 315.1C 523d 524d 750G 1438G 2706G 3107d 3359T 3849A 4769G 4856C 5231A 5417A 6176C 7028T 8860G 11719A 12358G 12372A 12705T 14766T 15326G 16223T 16257A 16261T 16519C
4291,26875094 Quantifying the legacy of the Chinese Neolithic on the maternal Brandao et al  (2016),26875094,Quantifying the legacy of the Chinese Neolithic on the maternal,2016,Brandao et al,KU521457,Vietnam.DOX2193.KU521457.N9a10,Vietnam,DOX2193,Tay Nung,Tay Nung,Tay Nung,Tai-Kadai,N9a10,N,N9,N9a,73G 152C 263G 309.1C 315.1C 567.1CCCC 750G 1438G 2706G 3107d 3359T 4769G 5231A 5417A 7028T 8860G 9055A 9468G 9740T 11719A 12358G 12372A 12705T 12771A 13135A 14766T 15326G 16184T 16223T 16257A 16261T 16274A
4294,26875094 Quantifying the legacy of the Chinese Neolithic on the maternal Brandao et al  (2016),26875094,Quantifying the legacy of the Chinese Neolithic on the maternal,2016,Brandao et al,KU521458,Vietnam.DOX2221.KU521458.N9a10,Vietnam,DOX2221,Tay Nung,Tay Nung,Tay Nung,Tai-Kadai,N9a10,N,N9,N9a,73G 150T 263G 309.1C 315.1C 524.1AC 750G 1041G 1438G 2706G 3107d 3359T 4386C 4769G 5231A 5417A 5585A 7028T 8860G 11719A 12358G 12372A 12705T 12771A 13461C 13488C 14766T 15094T 15326G 16223T 16257A 16261T 16311C 16390A
4297,26875094 Quantifying the legacy of the Chinese Neolithic on the maternal Brandao et al  (2016),26875094,Quantifying the legacy of the Chinese Neolithic on the maternal,2016,Brandao et al,KU521468,Vietnam.DOX4107.KU521468.N9a6,Vietnam,DOX4107,Stieng,Stieng,Stieng,Austroasiatic,N9a6,N,N9,N9a,73G 150T 263G 309.1C 315.1C 750G 1438G 2706G 3107d 4769G 4856C 5231A 5417A 6899A 7028T 8860G 9360T 11719A 12358G 12372A 12705T 14587G 14766T 15080G 15326G 16093C 16189C 16223T 16257A 16261T 16292T 16519C
4390,30076323 Complete human mtDNA genome sequences from Vietnam and the Duong et al  (2018),30076323,Complete human mtDNA genome sequences from Vietnam and the,2018,Duong et al,MH449541,Vietnam.Giarai726.MH449541.N21+195,Vietnam,Giarai726,Giarai,Giarai,Giarai,Austroasiatic,N21+195,N,N21,N21,73G 150T 195C 263G 309.1C 315.1C 337d 523d 524d 750G 1438G 2706G 3107d 4769G 6752G 7028T 8701G 8860G 10583G 11719A 12705T 13437C 14560A 14766T 15326G 16129A 16193T 16223T 16519C
4409,30076323 Complete human mtDNA genome sequences from Vietnam and the Duong et al  (2018),30076323,Complete human mtDNA genome sequences from Vietnam and the,2018,Duong et al,MH449031,Vietnam.HMong200.MH449031.N9a10+16311,Vietnam,HMong200,HMong,Hmong,Hmong,Hmong-Mien,N9a10+16311,N,N9,N9a,73G 150T 263G 309.1C 315.1C 750G 1438G 2706G 3107d 4769G 5231A 5417A 7028T 8433C 8860G 9738A 9756G 11719A 12358G 12372A 12705T 12771A 14766T 15326G 16086C 16223T 16257A 16261T 16311C
4455,30076323 Complete human mtDNA genome sequences from Vietnam and the Duong et al  (2018),30076323,Complete human mtDNA genome sequences from Vietnam and the,2018,Duong et al,MH449076,Vietnam.HaNhi323.MH449076.N21+195,Vietnam,HaNhi323,HaNhi,HaNhi,HaNhi,Sino-Tibetan,N21+195,N,N21,N21,73G 150T 195C 263G 315.1C 337d 750G 1438G 2706G 3107d 4769G 6752G 7028T 8696C 8701G 8860G 10583G 11719A 12705T 13437C 14560A 14766T 15043A 15326G 16182G 16193T 16223T 16519C
4713,30076323 Complete human mtDNA genome sequences from Vietnam and the Duong et al  (2018),30076323,Complete human mtDNA genome sequences from Vietnam and the,2018,Duong et al,MH449322,Vietnam.Nung695.MH449322.N9a6,Vietnam,Nung695,Nung,Nung,Nung,Tai-Kadai,N9a6,N,N9,N9a,73G 150T 263G 315.1C 750G 1438G 2706G 3107d 4769G 4856C 5231A 5417A 7028T 8419C 8860G 9109G 11719A 12358G 12372A 12705T 13477A 13604C 14766T 15326G 16223T 16257A 16261T 16292T 16519C
4715,30076323 Complete human mtDNA genome sequences from Vietnam and the Duong et al  (2018),30076323,Complete human mtDNA genome sequences from Vietnam and the,2018,Duong et al,MH449324,Vietnam.Nung697.MH449324.N9a10+16311,Vietnam,Nung697,Nung,Nung,Nung,Tai-Kadai,N9a10+16311,N,N9,N9a,73G 150T 263G 309.1C 309.2C 315.1C 750G 1041G 1438G 2706G 3107d 4386C 4769G 5231A 5417A 5585A 7028T 8860G 11719A 12358G 12372A 12705T 12771A 13419G 13488C 14766T 15094T 15326G 16223T 16257A 16261T 16311C 16390A
4835,30076323 Complete human mtDNA genome sequences from Vietnam and the Duong et al  (2018),30076323,Complete human mtDNA genome sequences from Vietnam and the,2018,Duong et al,MH449444,Vietnam.Tay167.MH449444.N9a1,Vietnam,Tay167,Tay,Tay,Tay,Tai-Kadai,N9a1,N,N9,N9a,73G 150T 263G 309.1C 315.1C 745G 750G 1438G 2706G 3107d 4386C 4769G 5231A 5417A 7028T 8860G 9287A 11719A 12007A 12358G 12372A 12705T 14766T 15326G 16111T 16129A 16223T 16257A 16261T
4868,30076323 Complete human mtDNA genome sequences from Vietnam and the Duong et al  (2018),30076323,Complete human mtDNA genome sequences from Vietnam and the,2018,Duong et al,MH449476,Vietnam.Thai130.MH449476.N9a10+16311,Vietnam,Thai130,Thai,Thai,Thai,Tai-Kadai,N9a10+16311,N,N9,N9a,73G 150T 263G 309.1C 315.1C 524.1AC 750G 1041G 1438G 2706G 3107d 4386C 4769G 5231A 5417A 5585A 7028T 7521A 8860G 11719A 12358G 12372A 12705T 12771A 13488C 14766T 15094T 15326G 16223T 16257A 16261T 16311C 16390A
4871,20513740 Tracing the austronesian footprint in mainland southeast Asia: a Peng et al  (2010),20513740,Tracing the austronesian footprint in mainland southeast Asia: a,2010,Peng et al,GQ301885,Vietnam.Thai22.GQ301885.N21,Vietnam,Thai22,Thai,Thai,Thai,Tai-Kadai,N21,N,N21,N21,73G 150T 263G 309.1C 315.1C 337d 523d 524d 750G 1438G 2706G 3107d 4769G 6752G 7028T 7220C 8701G 8860G 10583G 11719A 12705T 13437C 13753C 14560A 14766T 15326G 15619T 16193T 16223T 16234T 16259T 16519C
4901, Direct Submission Phan et al  (2016),,Direct Submission,2016,Phan et al,DQ834255,Vietnam.VN-302.DQ834255.N9a6,Vietnam,VN-302,VN,"Kinh, Tay, Dao, Hmong, Muong, Hoa, Khmer, Nung","Kinh, Tay, Dao, Hmong, Muong, Hoa, Khmer, Nung","Austroasiatic, Tai-Kadai, Hmong-Mien, Sino-Tibetan",N9a6,N,N9,N9a,73G 150T 269G 279G 330G 750G 1438G 2706G 3107d 4769G 4856C 7028T 8020A 8860G 11204C 11719A 12358G 12372A 12705T 12811C 15326G 16223T 16261T 16519C
4907, Direct Submission Phan et al  (2016),,Direct Submission,2016,Phan et al,DQ834258,Vietnam.VN-79.DQ834258.N9a6,Vietnam,VN-79,VN,"Kinh, Tay, Dao, Hmong, Muong, Hoa, Khmer, Nung","Kinh, Tay, Dao, Hmong, Muong, Hoa, Khmer, Nung","Austroasiatic, Tai-Kadai, Hmong-Mien, Sino-Tibetan",N9a6,N,N9,N9a,73G 150T 750G 1438G 2706G 3107d 4769G 4856C 5231A 5417A 7028T 7945T 7954C 8701G 8860G 9540C 10586A 11719A 12358G 12372A 12705T 15326G 15593C 16223T 16257A 16261T 16519C
